{"cameraMode":{"drawMode":0,"name":"Shaded","section":"Shading Mode"},"sceneLighting":true,"audioPlay":false,"sceneViewState":{"showFog":true,"showMaterialUpdate":false,"showSkybox":true,"showFlares":true,"showImageEffects":true,"showParticleSystems":true},"in2DMode":false,"pivot":{"x":-9.217676162719727,"y":3.8869147300720217,"z":12.215862274169922},"rotation":{"x":0.0016807240899652243,"y":-0.9953245520591736,"z":0.09495161473751068,"w":0.017618829384446145},"size":26.66820526123047,"orthographic":true}